book,ticker
MM2,1SN
MM2,80M
MM2,ADVT
MM2,AEX
MM2,AFP
MM2,AKN
MM2,ALT
MM2,AMRQ
MM2,ANG
MM2,ANIC
MM2,APTA
MM2,AREC
MM2,AURA
MM2,AURR
MM2,AVAP
MM2,BBSN
MM2,BGO
MM2,BLU
MM2,BMV
MM2,BSFA
MM2,BZT
MM2,CDGP
MM2,CKT
MM2,CLBX
MM2,CLON
MM2,CMCL
MM2,CMRS
MM2,CNC
MM2,CNS
MM2,COG
MM2,CPH2
MM2,CPX
MM2,CRCL
MM2,CRDL
MM2,CTAI
MM2,CTL
MM2,CYAN
MM2,DISH
MM2,DPP
MM2,EAAS
MM2,ECR
MM2,EGT
MM2,EME
MM2,EMH
MM2,EPP
MM2,EST
MM2,FAB
MM2,FCM
MM2,FNX
MM2,FOX
MM2,FRG
MM2,GEMD
MM2,GEO
MM2,GETB
MM2,GMET
MM2,GPM
MM2,GSCU
MM2,GST
MM2,HE1
MM2,HERC
MM2,HEX
MM2,HREE
MM2,HUD
MM2,HUW
MM2,HVO
MM2,IES
MM2,IIG
MM2,INSG
MM2,KAV
MM2,KDNC
MM2,KEFI
MM2,KEN
MM2,KOD
MM2,KRPZ
MM2,LND
MM2,LRES
MM2,LST
MM2,MERC
MM2,MFAI
MM2,MFX
MM2,MHA
MM2,MILA
MM2,MIRI
MM2,MPL
MM2,MTL
MM2,NET
MM2,NFX
MM2,OBD
MM2,OGN
MM2,OMG
MM2,ONDO
MM2,ORCP
MM2,PAM
MM2,PAT
MM2,PEN
MM2,PLSR
MM2,PWR
MM2,RBD
MM2,REAT
MM2,RIFT
MM2,RLE
MM2,RMR
MM2,RRR
MM2,RTC
MM2,RUA
MM2,SATS
MM2,SAV
MM2,SBDS
MM2,SEED
MM2,SLP
MM2,SML
MM2,SNDA
MM2,SNX
MM2,SOM
MM2,SPR
MM2,SRT
MM2,SVNS
MM2,SYME
MM2,SYNT
MM2,TAVI
MM2,TERA
MM2,TGR
MM2,THX
MM2,TIDE
MM2,TIG
MM2,TIME
MM2,TKO
MM2,TOO
MM2,TPX
MM2,TUN
MM2,UJO
MM2,UOG
MM2,VEL
MM2,VLE
MM2,VUL
MM2,VZLA
MM2,WPHO
MM2,WSBN
MM2,WVIA
MM2,XTR
MM2,ZEN
MM2,ZIOC
MM2,ZPHR
MM3,AAU
MM3,AAZ
MM3,ABDX
MM3,ADF
MM3,AGI
MM3,AGY
MM3,ALRT
MM3,ALU
MM3,AMCO
MM3,AMG
MM3,AMOI
MM3,ANP
MM3,AOTI
MM3,ATN
MM3,ATOM
MM3,ATYM
MM3,AVCT
MM3,AVG
MM3,AXL
MM3,BANK
MM3,BILN
MM3,BIRD
MM3,BKS
MM3,BLOE
MM3,BOKU
MM3,BRCK
MM3,BRES
MM3,BVXP
MM3,CASP
MM3,CBOX
MM3,CDL
MM3,CER
MM3,CHH
MM3,CHP
MM3,CLBS
MM3,CLX
MM3,CMET
MM3,CML
MM3,COBR
MM3,CPAI
MM3,CREO
MM3,CRS
MM3,CRTX
MM3,DELT
MM3,DOTD
MM3,EDEN
MM3,EEE
MM3,ELCO
MM3,ELIX
MM3,EMAN
MM3,ENSI
MM3,EOG
MM3,EYE
MM3,FARN
MM3,FIN
MM3,FIPP
MM3,FORG
MM3,FPP
MM3,FRAN
MM3,G4M
MM3,GANA
MM3,GCM
MM3,GEX
MM3,GFIN
MM3,GFM
MM3,GRX
MM3,GWMO
MM3,HAMA
MM3,HMI
MM3,IBAI
MM3,ICON
MM3,IKA
MM3,JHD
MM3,JNEO
MM3,KEYS
MM3,KMK
MM3,KOO
MM3,KP2
MM3,KR1
MM3,LORD
MM3,LTHM
MM3,MBH
MM3,MEX
MM3,MPAC
MM3,MPAL
MM3,NEO
MM3,NWF
MM3,OBI
MM3,OCI
MM3,ONWD
MM3,ORR
MM3,PAF
MM3,PGH
MM3,PINE
MM3,PMI
MM3,POW
MM3,PR1
MM3,PRD
MM3,PRE
MM3,PTAL
MM3,PXC
MM3,PXEN
MM3,PYC
MM3,QBT
MM3,QHE
MM3,RBW
MM3,RENX
MM3,RFX
MM3,ROCK
MM3,RVRB
MM3,RVRG
MM3,SAR
MM3,SBAR
MM3,SBTX
MM3,SDG
MM3,SEI
MM3,SHOE
MM3,SOLI
MM3,SOS
MM3,SOUC
MM3,SPEC
MM3,SRB
MM3,SYS1
MM3,TERN
MM3,TIR
MM3,TM1
MM3,TPFG
MM3,TRCS
MM3,TRP
MM3,TRT
MM3,TRU
MM3,TRUE
MM3,TSTL
MM3,TUNE
MM3,TYM
MM3,UFO
MM3,UPR
MM3,VAL
MM3,VTU
MM3,WCAT
MM3,WKS
MM3,WYN
MM3,XPF
MM3,YU.
MM4,88E
MM4,ABDP
MM4,ACG
MM4,ACSO
MM4,ANCR
MM4,ANGS
MM4,AOM
MM4,ARCM
MM4,ARS
MM4,ATC
MM4,ATM
MM4,B90
MM4,BCE
MM4,BIG
MM4,BKY
MM4,BMIN
MM4,BOOM
MM4,BPM
MM4,BTC
MM4,CAGL
MM4,CAML
MM4,CAPD
MM4,CCT
MM4,CFX
MM4,CORA
MM4,CRTM
MM4,CRW
MM4,CTA
MM4,CYKL
MM4,DATA
MM4,DEBS
MM4,DEVO
MM4,DFCH
MM4,DKL
MM4,DSG
MM4,DUKE
MM4,DXRX
MM4,EAH
MM4,EBQ
MM4,ECEL
MM4,ECO
MM4,EML
MM4,EMVC
MM4,EVPL
MM4,FAR
MM4,FDBK
MM4,FPO
MM4,FRP
MM4,FTC
MM4,GAL
MM4,GATC
MM4,GDP
MM4,GELN
MM4,GEM
MM4,GGP
MM4,GLR
MM4,GRL
MM4,GROC
MM4,GTLY
MM4,HAYD
MM4,IGE
MM4,IGP
MM4,IGR
MM4,IHC
MM4,IOF
MM4,ITM
MM4,ITX
MM4,IXI
MM4,JAN
MM4,JDG
MM4,JLP
MM4,JOG
MM4,JSE
MM4,KIST
MM4,LBG
MM4,LDG
MM4,LEX
MM4,LIKE
MM4,LINV
MM4,MAI
MM4,MATD
MM4,MKA
MM4,MNO
MM4,MRK
MM4,MSI
MM4,MTEC
MM4,MYX
MM4,NAVF
MM4,NTVO
MM4,NXQ
MM4,OMI
MM4,OPT
MM4,PCIP
MM4,PEBB
MM4,PPHC
MM4,PULS
MM4,QTX
MM4,QUBE
MM4,RKH
MM4,RSG
MM4,RST
MM4,SAAS
MM4,SAG
MM4,SCGL
MM4,SCLP
MM4,SDI
MM4,SEE
MM4,SFT
MM4,SKL
MM4,SPSY
MM4,SRC
MM4,STX
MM4,SUP
MM4,SVML
MM4,SWG
MM4,SYS
MM4,TBLD
MM4,TGP
MM4,THAT
MM4,THS
MM4,TIN
MM4,TMG
MM4,TMO
MM4,TRI
MM4,TXP
MM4,UKOG
MM4,UPL
MM4,VCP
MM4,VINO
MM4,VLG
MM4,VRCI
MM4,W7L
MM4,WATR
MM4,WTE
MM4,XAR
MM4,YOU
MM4,ZAM
MM4,ZIN
MM4,ZNWD
MM4,ZOO
